<application>
  <component name="DiscordApplicationSettings">
    <option name="show" value="true" />
    <option name="timeoutResetTimeEnabled" value="false" />
    <option name="idle" value="IGNORE" />
    <option name="applicationDetailsCustom" value="" />
    <option name="applicationStateCustom" value="" />
    <option name="applicationIconLargeTextCustom" value="" />
    <option name="applicationIconSmallTextCustom" value="" />
    <option name="applicationTime" value="APPLICATION_TOTAL" />
    <option name="projectDetails" value="CUSTOM" />
    <option name="projectDetailsCustom" value="" />
    <option name="projectState" value="NONE" />
    <option name="projectStateCustom" value="" />
    <option name="projectIconLargeTextCustom" value="" />
    <option name="projectIconSmallTextCustom" value="" />
    <option name="projectTime" value="APPLICATION_TOTAL" />
    <option name="fileDetails" value="NONE" />
    <option name="fileDetailsCustom" value="" />
    <option name="fileState" value="CUSTOM" />
    <option name="fileStateCustom" value="open source religion" />
    <option name="fileIconLargeText" value="PROJECT_VCS_BRANCH" />
    <option name="fileIconLargeTextCustom" value="" />
    <option name="fileIconSmall" value="NONE" />
    <option name="fileIconSmallTextCustom" value="" />
    <option name="fileTime" value="APPLICATION_TOTAL" />
    <option name="filePrefixEnabled" value="false" />
    <option name="fileHideVcsIgnored" value="false" />
    <option name="applicationType" value="IDE_EDITION" />
    <option name="theme" value="material" />
    <option name="applicationLastUpdateNotification" value="1.12.0" />
  </component>
</application>