<application>
  <component name="ProjectManager">
    <defaultProject>
      <component name="DiscordProjectSettings">
        <option name="show" value="ASK" />
        <option name="description" value="" />
      </component>
      <component name="PropertiesComponent">{
  &quot;keyToString&quot;: {
    &quot;go.import.settings.migrated&quot;: &quot;true&quot;,
    &quot;settings.editor.selected.configurable&quot;: &quot;org.jetbrains.plugins.github.ui.GithubSettingsConfigurable&quot;
  }
}</component>
      <component name="WindowStateProjectService">
        <state x="422" y="162" key="SettingsEditor" timestamp="1718693223314">
          <screen x="0" y="25" width="1920" height="996" />
        </state>
        <state x="422" y="162" key="SettingsEditor/0.25.1920.996" timestamp="1718693223314" />
      </component>
    </defaultProject>
  </component>
</application>